<application>
  <component name="PostfixTemplates">
    <template id="isnull@userDefined" key=".null" provider="builtin.php" topmost="true">
      <conditions />
      <template name="fakeKey" value="if (is_null($EXPR$)) {&#10;&#10;}" toReformat="true" toShortenFQNames="true" />
    </template>
    <template id="com.jetbrains.php.postfixCompletion.PhpIsNullPostfixTemplate#.null" key=".null" provider="builtin.php" builtin="com.jetbrains.php.postfixCompletion.PhpIsNullPostfixTemplate#.null" />
    <template id="dd@userDefined" key=".dd" provider="builtin.php" topmost="false">
      <conditions />
      <template name="fakeKey" value="dd($EXPR$);" toReformat="true" toShortenFQNames="true" />
    </template>
  </component>
  <component name="PostfixTemplatesSettings">
    <option name="providerToDisabledTemplates">
      <disabled-templates provider="builtin.php">
        <value>
          <set>
            <option value="com.jetbrains.php.postfixCompletion.PhpIsNullPostfixTemplate#.null" />
          </set>
        </value>
      </disabled-templates>
    </option>
  </component>
</application>